R,E,NME,P0,Compliance,R2Score,max_Ppat,max_Pes
0.13502384016382746,0.010394893470482636,0.3086446188595982,0.22073782978109394,96.2010820831981,0.9099457302744638,3.944478229025665,3.60833333333333
0.1914139735059219,0.012575587808814122,0.8280753180202458,0.31638796365262023,79.5191457610521,0.8830939728117365,10.682171602461171,3.94166666666667
0.16220636724057252,0.011280699322871334,0.6854982490836684,0.15462290110103422,88.64698644812961,0.9077930978490901,7.7735501446088,3.88333333333332
0.1732844430689318,0.012163305971999201,0.8798220738236145,0.3540706094579226,82.21449023004695,0.8345970748707604,8.17354706582138,2.395833333333325
